n_sites,algorithm,time,degeneracy
1,CutFree,0.00799999999981083,1.10075314176e11
2,CutFree,0.081000000000131,4.6438023168e10
3,CutFree,0.541000000000167,2.4461180928e10
1,RL,1.551318896,1.10075314176e11
2,RL,1.752670968,2.0639121408e10
3,RL,2.007245989,1.1609505792e10
