randomer,intrauniformity1,intrauniformity0
1,47.890167683,61.683227822
2,81.038084845,118.964013751
3,130.3548302,159.584841139
4,166.90167418800002,196.950767627
5,201.969881987,234.933211266
