"","n_sites","oligo_lengths","rep","sites","time"
"1",1,20,1,"CGGCCG",0.0140000000001237
"2",1,20,2,"ATCGAT",0.00999999999999091
"3",1,20,3,"TCGCGA",0.0080000000000382
"4",1,20,4,"TGATCA",0.0109999999999673
"5",1,20,5,"TTATAA",0.0289999999999964
"6",1,20,6,"TGCGCA",0.0080000000000382
"7",1,20,7,"AGTACT",0.0080000000000382
"8",1,20,8,"GCGCGC",0.00699999999983447
"9",1,20,9,"TGTACA",0.00799999999981083
"10",1,20,10,"GAGCTC",0.00700000000006185
"11",1,40,1,"ATCGAT",0.00900000000001455
"12",1,40,2,"TCGCGA",0.0080000000000382
"13",1,40,3,"GCCGGC",0.0119999999999436
"14",1,40,4,"CACGTG",0.00700000000006185
"15",1,40,5,"ACGCGT",0.00799999999981083
"16",1,40,6,"GGATCC",0.00700000000006185
"17",1,40,7,"TTTAAA",0.00600000000008549
"18",1,40,8,"TGATCA",0.00799999999981083
"19",1,40,9,"AGATCT",0.0080000000000382
"20",1,40,10,"CAATTG",0.0080000000000382
"21",1,60,1,"GGGCCC",0.00600000000008549
"22",1,60,2,"CTTAAG",0.0080000000000382
"23",1,60,3,"GGTACC",0.00700000000006185
"24",1,60,4,"CGTACG",0.0080000000000382
"25",1,60,5,"CCGCGG",0.0270000000000437
"26",1,60,6,"CCATGG",0.00799999999981083
"27",1,60,7,"GTATAC",0.00900000000001455
"28",1,60,8,"TACGTA",0.00700000000006185
"29",1,60,9,"GATATC",0.00799999999981083
"30",1,60,10,"ATTAAT",0.0110000000001946
"31",1,80,1,"CGGCCG",0.0119999999999436
"32",1,80,2,"ACTAGT",0.0080000000000382
"33",1,80,3,"GGTACC",0.0080000000000382
"34",1,80,4,"CCGCGG",0.0219999999999345
"35",1,80,5,"TCCGGA",0.00900000000001455
"36",1,80,6,"GAGCTC",0.00700000000006185
"37",1,80,7,"TTATAA",0.02800000000002
"38",1,80,8,"AAGCTT",0.0080000000000382
"39",1,80,9,"GACGTC",0.0080000000000382
"40",1,80,10,"CGATCG",0.00700000000006185
"41",1,100,1,"GTATAC",0.00900000000001455
"42",1,100,2,"GAATTC",0.00999999999999091
"43",1,100,3,"GCTAGC",0.0080000000000382
"44",1,100,4,"ATCGAT",0.00900000000001455
"45",1,100,5,"ACATGT",0.00799999999981083
"46",1,100,6,"GGTACC",0.0080000000000382
"47",1,100,7,"AGCGCT",0.200000000000045
"48",1,100,8,"TGCGCA",0.0109999999999673
"49",1,100,9,"TCATGA",0.0119999999999436
"50",1,100,10,"CCCGGG",0.00599999999985812
